STATION_ID,STATION,BEGIN_DATE,END_DATE,STATE,COUNTRY,LATITUDE,LONGITUDE,ELEVATION
56171099999,A-BA,1957-07-02,1964-12-31,null,CH,32.917,101.7,3170
53523099999,A-LU-CH'IH-LAO-KA,1979-06-05,1981-05-04,null,CH,39.883,108,1372
53192099999,ABAG QI,1956-08-20,2020-04-07,null,CH,44.0166666,115,1147.7
50468099999,AIHUI,1961-11-01,2020-04-07,null,CH,50.25,127.45,166
51711099999,AKQI,1957-07-01,2020-04-07,null,CH,40.9333333,78.45,1986
51730099999,ALAR,1962-03-28,2020-04-07,null,CH,40.5,81.05,1013
51076099999,ALTAY,1956-08-20,2020-04-07,null,CH,47.7333333,88.0833333,737
53602099999,ALXA ZUOQI/BAYAN HO,1962-03-28,1997-04-17,null,CH,38.833,105.533,1500
56007099999,AMDO NORTHEAST,1962-01-04,1962-03-31,null,CH,33.417,92.833,4648
58648099999,AN-REN,1981-12-20,1981-12-20,null,CH,28.05,119.333,274
52424099999,AN-XI,1957-07-01,1998-02-23,null,CH,40.5,96,1177
50854099999,ANDA,1956-08-20,2020-04-07,null,CH,46.3833333,125.3166666,150
51848099999,ANDIR,1962-03-28,1998-12-31,null,CH,37.933,83.65,1264
57245099999,ANKANG,1956-08-20,2020-04-07,null,CH,32.7166666,109.0333333,291
58424099999,ANQING,1956-08-20,2020-04-07,null,CH,30.6166666,116.9666666,63.2
54339099999,ANSHAN,1957-12-02,2002-06-15,null,CH,41.133,122.983,17
57806099999,ANSHUN,1961-12-31,1999-02-02,null,CH,26.267,105.967,1402
57574099999,ANXIANG,1959-11-01,1999-12-23,null,CH,29.433,112.183,28
53898099999,ANYANG,1957-12-02,2020-04-07,null,CH,36.05,114.1333333,195.7
74933899999,AO-CHIA-CHANG NORTH,1945-01-31,1945-08-31,null,CH,31.117,104,500
54498099999,APPROXIMATE LOCALE,1979-06-19,1982-02-14,null,CH,40.117,124.333,0
52268099999,APPROXIMATE LOCALE,1980-09-16,1981-02-10,null,CH,42.083,101.667,0
52523099999,APPROXIMATE LOCALE,1980-11-27,1981-06-09,null,CH,39.833,96.75,0
57150099999,APPROXIMATE LOCALE,1979-12-28,1980-12-30,null,CH,33.483,110.433,0
57278099999,APPROXIMATE LOCALE,1981-01-17,1982-04-22,null,CH,32.317,112.633,0
57026099999,APPROXIMATE LOCALE,1979-06-12,1981-11-26,null,CH,34.483,107.95,0
53745099999,APPROXIMATE LOCALE,1976-01-19,1982-06-27,null,CH,37.467,109.583,0
57982099999,APPROXIMATE LOCALE,1975-08-18,1985-04-12,null,CH,25.833,113.5,0
52886099999,APPROXIMATE LOCALE,1974-03-01,1984-11-29,null,CH,36.567,103.7,1951
52958099999,APPROXIMATE LOCALE,1974-09-18,1982-01-23,null,CH,35.267,100.65,0
52947099999,APPROXIMATE LOCALE,1984-08-11,1985-02-06,null,CH,35.167,98.75,0
57367099999,APPROXIMATE LOCALE,1974-12-02,1974-12-02,null,CH,31.167,111.167,0
57445099999,APPROXIMATE LOCALE,1974-02-10,1974-05-02,null,CH,30.6,109.533,0
59311099999,APPROXIMATE LOCALE,1974-07-16,1975-10-19,null,CH,23.767,116.017,0
57716099999,APPROXIMATE LOCALE,1980-09-26,1982-10-17,null,CH,27.5,106.833,914
57765099999,APPROXIMATE LOCALE,1980-10-03,1988-12-02,null,CH,27.5,111.5,0
56681099999,APPROXIMATE LOCALE,1981-04-10,1981-12-27,null,CH,26.833,103.167,0
59853099999,APPROXIMATE LOCALE,1983-04-25,1986-07-16,null,CH,19.833,110.833,0
57913099999,APPROXIMATE LOCATIO,1981-11-24,1981-12-29,null,CH,25.833,106.833,0
54757099999,APPROXIMATE LOCATIO,1977-08-29,1981-02-09,null,CH,37.167,120.167,0
58529099999,APPROXIMATE LOCATIO,1980-12-25,1980-12-25,null,CH,29.167,117.833,0
58732099999,APPROXIMATE LOCATIO,1980-11-06,1981-09-19,null,CH,27.833,118.5,0
57802099999,APPROXIMATE LOCATIO,1980-11-19,1982-07-30,null,CH,26.833,105.5,0
51705099999,AR-TUX,1956-08-21,1997-05-13,null,CH,39.667,76.167,1494
50727099999,ARXAN,1956-08-22,2020-04-07,null,CH,47.1666666,119.9333333,997
52657099999,BABAO,1962-03-28,1997-05-13,null,CH,38.233,100.25,2700
51716099999,BACHU,1956-08-21,2020-04-07,null,CH,39.8,78.5666666,1117
50936099999,BAICHENG NORTHEAST,1956-08-21,1961-10-31,null,CH,45.633,122.85,151
51633099999,BAICHENG/BAY,1962-11-11,1997-05-13,null,CH,41.767,81.867,1280
57251099999,BAIHE,1989-01-01,2000-01-05,null,CH,32.767,110.117,610
53352099999,BAILING-MIAO,1956-08-20,2020-04-07,null,CH,41.7,110.4333333,1377
55279099999,BAINGOIN,1957-07-17,2020-04-07,null,CH,31.3666666,90.0166666,4701
59211099999,BAISE,1956-08-20,2020-04-07,null,CH,23.9,106.6,177
53463099999,BAITA,1956-08-20,2020-04-07,null,CH,40.851422,111.824103,1083.86
54476099999,BAIYANGGOU NW,1957-12-02,1959-08-29,null,CH,40.35,122.75,280
59287099999,BAIYUN INTL,1945-11-30,2020-04-07,null,CH,23.392436,113.298786,15.24
51467099999,BALGUNTAY,1962-02-06,2020-04-07,null,CH,42.6666666,86.3333333,1753
56441099999,BAME NORTHWEST,1962-09-07,1964-12-31,null,CH,28.883,98.583,4413
59493099999,BAOAN INTL,1957-08-19,2020-04-07,null,CH,22.639258,113.810664,3.96
54602099999,BAODING,1956-08-20,2020-04-07,null,CH,38.7333333,115.4833333,17
57016099999,BAOJI,1956-08-20,2004-12-30,null,CH,34.35,107.133,610
50888099999,BAOQING,1957-12-02,2020-04-07,null,CH,46.3166666,132.1833333,83
56748099999,BAOSHAN,1944-03-26,2020-04-07,null,CH,25.1166666,99.1833333,1649
53446099999,BAOTOU,1956-08-20,1961-10-31,null,CH,40.567,109.983,940
53446399999,BAOTOU,1956-08-20,1956-12-31,null,CH,40.559367,109.998447,1012.24
56172099999,BARKAM,1956-08-20,2020-04-07,null,CH,31.9,102.2333333,2666
52101099999,BARKOL,1962-03-07,1997-05-13,null,CH,43.583,92.85,1584
56247099999,BATANG,1956-08-20,2020-04-07,null,CH,30,99.1,2589
54518099999,BAXIAN,1957-06-01,1997-07-20,null,CH,39.05,116.4,8
52495099999,BAYAN MOD,1962-02-06,2020-04-07,null,CH,40.75,104.5,1329
51542099999,BAYANBULAK,1962-03-07,2020-04-07,null,CH,43.0333333,84.15,2459
51288099999,BAYTIK SHAN,1961-11-01,2020-04-07,null,CH,45.3666666,90.5333333,1651
57313099999,BAZHONG,1957-07-01,1998-08-21,null,CH,31.9,106.7,360
57014099999,BEIDAO,2005-01-01,2020-03-25,null,CH,34.57,105.87,1086
59644199999,BEIHAI AIRPORT,2010-12-05,2013-12-24,null,CH,21.539444,109.293889,16
54511099999,BEIJING - CAPITAL INTERNATIONAL AIRPORT,1945-10-31,2020-04-07,null,CH,40.080111,116.584556,35.35
52441099999,BEISHAN (MTNS),1973-01-01,1988-12-30,null,CH,40.717,98.617,1554
58221099999,BENGBU,1956-08-20,2020-04-07,null,CH,32.85,117.3,28
54346099999,BENXI,1957-12-02,2020-04-07,null,CH,41.3166666,123.7833333,185
56016099999,BIE-LI-XI-DU,1973-01-01,1990-01-19,null,CH,34.1,95.033,4785
57707099999,BIJIE,1956-08-20,2020-04-07,null,CH,27.3,105.2333333,1511
56983099999,BING-YUAN-JIE,1981-06-09,1981-12-22,null,CH,23.7,103.833,1524
54527399999,BINHAI,1981-11-25,2020-04-07,null,CH,39.124353,117.346183,3.04
31512099999,BLAGOVESCENSK,2009-08-01,2014-12-23,null,RS,50.2,127.5666666,132
59446099999,BOBAI,1957-08-22,2000-01-23,null,CH,22.25,109.967,121
51077099999,BOGUS CHINESE,1957-06-15,1957-09-29,null,CH,47.167,88.367,-999
52753099999,BOGUS CHINESE,1980-06-14,1982-02-01,null,CH,37.683,100.7,3353
53652099999,BOGUS CHINESE,1980-08-20,1980-08-20,null,CH,38.983,110.6,1219
53681099999,BOGUS CHINESE,1980-10-23,1981-12-06,null,CH,38.717,113,792
53578099999,BOGUS CHINESE,1979-06-12,1982-02-15,null,CH,39.3,112.417,900
52907099999,BOGUS CHINESE,1980-07-05,1981-07-06,null,CH,35.167,92.833,4877
52788099999,BOGUS CHINESE,1973-12-07,1981-11-06,null,CH,37.233,103.4,2415
55585099999,BOGUS CHINESE,1985-06-10,1996-12-12,null,CH,29.5,90.25,-999
59858099999,BOGUS CHINESE,1974-07-01,1981-12-21,null,CH,19.25,110.483,-999
53278099999,BOIN SUM,1989-12-18,1990-07-21,null,CH,42.2,112.517,1280
51330099999,BOLE/BORTALA,1962-03-28,1997-05-13,null,CH,44.917,82.067,1366
50646099999,BORDO,1957-12-02,1959-08-31,null,CH,48.483,124.85,199
58102099999,BOXIAN,1956-08-21,2020-04-07,null,CH,33.7833333,115.7333333,40.3
57051099999,BUCHANG SOUTHEAST,1957-12-02,1959-08-28,null,CH,34.833,110.167,332
54226099999,BUGT,1957-12-02,2020-04-07,null,CH,42.3333333,120.7,401
50632099999,BUGT,1956-08-23,2020-04-07,null,CH,48.7666666,121.9166666,739
52679099999,CAIQI SOUTHEAST,1956-08-20,1961-10-31,null,CH,38.083,102.917,1525
54858099999,CANG-KOU,1980-04-13,1980-07-15,null,CH,36.167,120.367,10
54745099999,CANG-SHANG,1980-09-09,1981-03-16,null,CH,37.367,119.9,1
54616099999,CANGZHOU,1956-08-20,1995-12-31,null,CH,38.333,116.833,11
53868099999,CANYU NORTHEAST,1956-08-20,1961-10-31,null,CH,36.15,111.45,462
54483199999,CAOHEKOU,1956-08-20,1956-12-31,null,CH,40.883,123.9,235
54483099999,CAOHEKOU,1956-08-20,1989-06-30,null,CH,40.883,123.9,235
59453099999,CEN-XI,1957-08-29,1999-07-03,null,CH,22.933,110.983,243
51720099999,CH'I-LAN-TAI,1962-03-08,1997-05-13,null,CH,40.533,79.533,1158
57606099999,CH'IH-SHUI HO,1957-07-01,1998-08-28,null,CH,28.483,105.933,977
52842099999,CHA-KA,1962-02-06,1997-12-26,null,CH,36.783,99.083,2925
74935199999,CHA-YIN-LU SOUTHWEST,1945-10-31,1947-03-31,null,CH,31.317,121.5,6
57883099999,CHALING,1957-08-19,1998-07-02,null,CH,26.8,113.533,176
58632099999,CHANG-SHAN,1981-08-16,1981-08-18,null,CH,28.933,118.5,137
53929099999,CHANG-WU,1980-10-01,1998-11-13,null,CH,35.217,107.8,1219
53887099999,CHANG-ZHI,1956-08-20,1961-10-31,null,CH,36.2,113.117,975
58606099999,CHANGBEI INTL,1956-08-20,2020-04-07,null,CH,28.865,115.9,43.58
57662099999,CHANGDE,1956-08-20,2020-04-07,null,CH,29.05,111.6833333,35
54049099999,CHANGLING,1956-08-23,2020-04-07,null,CH,44.25,123.9666666,190
57687099999,CHANGSHA,1944-02-15,2020-04-07,null,CH,28.1166666,112.7833333,120
57679099999,CHANGSHA/DATUOPU,1956-08-20,1986-12-31,null,CH,28.2,113.0833333,46
58911099999,CHANGTING,1957-03-01,2020-04-07,null,CH,25.85,116.3666666,311
58343099999,CHANGZHOU,1956-08-20,1999-08-05,null,CH,31.767,119.95,15
58326099999,CHAOHU WEST,1957-08-22,1961-03-14,null,CH,31.6,117.833,21
54324099999,CHAOYANG,1957-07-14,2020-04-07,null,CH,41.55,120.45,176
54326099999,CHAOYANG AIRFIELD,1957-07-14,1991-08-14,null,CH,41.583,120.433,152
55690099999,CHE-KU,1987-03-26,1992-12-07,null,CH,28.7,91.633,4336
57144099999,CHEN-AN,1962-02-06,1998-06-20,null,CH,33.417,109.15,610
57738099999,CHEN-YUAN,1956-08-20,1958-02-03,null,CH,27.05,108.4,464
54145099999,CHENG-CHIZ-T'UN,1980-08-01,1981-05-01,null,CH,43.5,123.5,183
57106099999,CHENG-XIAN,1956-08-23,2000-04-03,null,CH,33.75,105.75,1128
54423099999,CHENGDE,1956-08-20,2020-04-07,null,CH,40.9666666,117.9166666,423
54575099999,CHENGZITAN,1957-12-02,1959-08-29,null,CH,39.5,122.5,17
57972099999,CHENZHOU,1956-08-20,2020-04-07,null,CH,25.7333333,112.9666666,368.8
31371099999,CHERNJAEVO,1948-01-01,2020-04-07,null,RS,52.7833333,126,210
50873099999,CHIA-MU-SSU /CHIAMUEZE,1956-08-20,1961-10-31,null,CH,46.817,130.333,80.2
54218099999,CHIFENG,1956-08-20,2020-04-07,null,CH,42.3,118.8333333,567
74933699999,CHING-SHUI-PU NORTH,1943-12-31,1946-10-31,null,CH,30.25,104.033,481
52797099999,CHING-T'AI,1962-03-29,1997-04-03,null,CH,37.133,104.217,1402
56227099999,CHING-TO EAST,1956-08-20,1957-05-30,null,CH,30.1,95.783,5108
57515099999,CHONG-QING,1956-08-20,1986-12-31,null,CH,29.517,106.483,351
51526099999,CHUGIRTY,1962-03-28,1997-05-09,null,CH,42.8,80.85,2042
58543099999,CHUN AN,2015-12-02,2020-04-07,null,CH,29.6166666,119.0166666,172
47014099999,CHUNGGANG,1957-02-03,2020-04-07,null,KN,41.7833333,126.8833333,331
56768099999,CHUXIONG,1944-02-01,2020-04-07,null,CH,25.0166666,101.5166666,1820
58236099999,CHUZHOU EAST,1957-08-25,1961-03-14,null,CH,32.317,118.333,26
57023099999,CUI-MU,1962-03-08,1979-12-30,null,CH,34.8,107.867,914
57328099999,DA XIAN,1956-08-20,2020-04-07,null,CH,31.2,107.5,344
57708099999,DA-FANG,1974-01-29,1982-03-14,null,CH,27.15,105.6,1520
54351099999,DA-HUO-FANG,1961-11-02,2001-12-28,null,CH,41.883,124.083,273
52713099999,DA-QAIDAM,1957-06-30,2020-04-07,null,CH,37.85,95.3666666,3174
59242099999,DA-WAN,1957-08-24,2000-01-23,null,CH,23.85,109.417,76
54756099999,DA-XIN-DIAN,1981-03-02,1981-03-23,null,CH,37.617,120.9,100
57506099999,DA-ZU,1979-12-11,1981-08-10,null,CH,29.633,105.767,305
56315099999,DABBA SOUTHWEST,1957-07-03,1963-12-31,null,CH,29.033,100.167,4553
58947099999,DAI-TOU,1980-10-05,1980-10-05,null,CH,25.267,119.2,37
52353099999,DALAIN HOB EAST,1957-07-01,1958-05-05,null,CH,41.967,100.883,946
56751099999,DALI,1943-12-03,2020-04-07,null,CH,25.7,100.1833333,1992
52618099999,DANGCHENGWAN SOUTH,1962-03-31,1962-04-28,null,CH,39.167,94.833,3746
59845099999,DANXIAN,1957-08-22,2020-04-07,null,CH,19.5166666,109.5833333,169
57960099999,DAO XIAN NORTH,1961-03-06,1961-03-06,null,CH,25.55,111.583,179
56357099999,DAOCHENG,1964-01-02,2020-04-07,null,CH,29.05,100.3,3729
57965099999,DAOXIAN,1973-01-01,1999-10-09,null,CH,25.617,111.6,152
59309099999,DAPING,1975-02-03,1975-09-16,null,CH,23.183,115.85,97
56046099999,DARLAG,1956-08-21,2020-04-07,null,CH,33.75,99.65,3968
53487099999,DATONG,1957-12-02,2020-04-07,null,CH,40.0833333,113.4166666,1054
56167099999,DAWU,1979-07-01,2020-04-07,null,CH,30.9833333,101.1166666,2959
56462599999,DAYONG,2008-04-14,2016-06-07,null,CH,29.1333333,100.4833333,900
56144099999,DEGE,1957-07-01,2020-04-07,null,CH,31.7333333,98.5666666,3201
56986099999,DEHOUJIE,1980-07-01,2000-04-03,null,CH,23.583,103.867,1423
52737099999,DELINGHA,1956-08-25,2020-04-07,null,CH,37.3666666,97.3666666,2982
56116099999,DENGQEN,1956-08-20,2020-04-07,null,CH,31.4166666,95.6,3874
56444099999,DEQEN,1956-08-21,2020-04-07,null,CH,28.45,98.8833333,3320
55488099999,DEQEN SOUTH,1962-05-04,1962-05-04,null,CH,30.333,90.083,5304
54714099999,DEZHOU,1956-08-20,1994-12-31,null,CH,37.433,116.317,22
54907099999,DING-TAO,1980-04-11,1980-04-11,null,CH,35.067,115.567,0
54909099999,DINGTAO,1995-04-01,2020-04-07,null,CH,35.0833333,115.5166666,51
51463599999,DIWOPU,1985-02-09,2020-04-07,null,CH,43.907106,87.474244,647.7
53543099999,DONGSHENG,1973-01-01,2020-04-07,null,CH,39.8333333,109.9833333,1459
58251099999,DONGTAI,1956-08-20,2020-04-07,null,CH,32.85,120.2833333,4
52836099999,DOULAN,1956-08-22,2020-04-07,null,CH,36.3,98.1,3190
59037099999,DU AN,1957-08-25,1961-03-11,null,CH,24.017,108.083,162
54186099999,DUNHUA,1957-12-03,2020-04-07,null,CH,43.3666666,128.2,525
52418099999,DUNHUANG,1956-08-23,2020-04-07,null,CH,40.15,94.6833333,1140
54208099999,DUOLUN,1956-08-20,2020-04-07,null,CH,42.1833333,116.4666666,1247
57922099999,DUSHAN,1945-04-30,2020-04-07,null,CH,25.8333333,107.55,971
52267099999,EJIN QI,1960-05-15,2020-04-07,null,CH,41.95,101.0666666,941
56385099999,EMEI SHAN,1956-08-20,2020-04-07,null,CH,29.5166666,103.3333333,3049
57448099999,EN-SHI (CHI-AFB),1981-06-07,1981-09-12,null,CH,30.3,109.483,457
53195099999,ENGER SHOOTO,1957-12-02,1988-09-12,null,CH,43.383,114.45,1128
57447099999,ENSHI,1945-03-31,2020-04-07,null,CH,30.2833333,109.4666666,458
53068099999,ERENHOT,1956-08-20,2020-04-07,null,CH,43.65,112,966
74934199999,ERH-LANG-PA NORTH,1945-02-28,1945-10-06,null,CH,32.967,107.2,518
57259099999,FANGXIAN,1959-11-01,2020-04-07,null,CH,32.0333333,110.7666666,435
57348099999,FENGJIE,1956-08-20,2020-04-07,null,CH,31.0166666,109.5333333,303
54308099999,FENGNING,1957-12-02,2020-04-07,null,CH,41.2,116.6333333,661
57025099999,FENGXIANG,2005-08-12,2020-04-07,null,CH,34.5166666,107.3833333,781
58502099999,FENLU SOUTHEAST,1956-08-20,1963-12-21,null,CH,29.75,115.917,31
57483099999,FENSUIZUI NORTH,1957-08-24,1961-03-14,null,CH,30.65,113.65,30
54929099999,FEZXZAN,1998-03-01,2020-04-07,null,CH,35.25,117.95,120
59087099999,FOGANG,1957-08-22,2020-04-07,null,CH,23.8833333,113.5166666,68
69253499999,FORT CAMPBELL / TEST,1987-05-01,2006-03-05,KY,US,36.6666666,87.5,114
57522099999,FOU-LING,1962-05-04,1998-09-21,null,CH,29.717,107.4,275
58754099999,FUDING,1956-08-20,2020-04-07,null,CH,27.3333333,120.2,38
51068099999,FUHAI/BURULTOKAY,1962-04-03,1997-05-09,null,CH,47.1,87.383,472
50788099999,FUJIN,1956-08-20,2020-04-07,null,CH,47.2333333,131.9833333,65
51365099999,FUKANG,1962-03-28,1997-05-13,null,CH,44.15,87.983,549
54284099999,FUSONG,1961-11-01,1991-08-13,null,CH,42.333,127.283,610
54563099999,FUXIAN/WAFANGDIAN,1957-12-02,1994-04-08,null,CH,39.633,121.983,17
54237099999,FUXIN,1957-12-02,2002-01-12,null,CH,42,121.633,182
58203099999,FUYANG,1957-06-08,2020-04-07,null,CH,32.8666666,115.7333333,33
51087099999,FUYUN,1956-08-20,2020-04-07,null,CH,46.9833333,89.5166666,827
58847099999,FUZHOU,1956-08-20,2020-04-07,null,CH,26.0833333,119.2833333,85
58847099999,FUZHOU,1956-08-20,2020-04-07,null,CH,26.0833333,119.2833333,85
56074099999,GA-HAI,1989-01-02,1997-04-16,null,CH,34.2,102.3,3109
52754099999,GANGCA,1961-07-30,2020-04-07,null,CH,37.3333333,100.1333333,3302
58040099999,GANYU,1958-01-04,2020-04-07,null,CH,34.85,119.1333333,10
57993099999,GANZHOU,1944-12-02,2020-04-07,null,CH,25.85,114.95,125
54846099999,GAO-MI (?),1980-10-23,1981-05-01,null,CH,36.383,119.733,38
56132099999,GAO-RIK,1962-07-26,1977-06-06,null,CH,32.5,97.933,3657
57411099999,GAOPING,1956-08-20,2020-04-07,null,CH,30.75,106.1333333,347
52546099999,GAOTAI WEST,1956-08-20,1961-10-31,null,CH,39.383,99.717,1354
59278099999,GAOYAO,1957-08-25,2020-04-07,null,CH,23.05,112.4666666,12
58241099999,GAOYOU,1959-11-02,2000-03-31,null,CH,32.783,119.45,3
56146099999,GARZE,1956-08-20,2020-04-07,null,CH,31.6166666,100,3394
56946099999,GENGMA,1990-01-01,2020-04-07,null,CH,23.55,99.4,1104
52813099999,GOL-MUD (?),1975-01-31,1981-02-16,null,CH,36.817,95.35,2731
52818099999,GOLMUD,1956-08-20,2020-04-07,null,CH,36.4166666,94.9,2809
52856099999,GONGHE,1956-08-23,1998-11-25,null,CH,36.35,100.783,2743
54335099999,GOUBANGZI,1957-12-02,2002-06-15,null,CH,41.383,121.8,25
58519099999,GU-XIAN-DU,1957-08-19,2000-01-05,null,CH,29.083,116.883,31
52378099999,GUAIZIHU,1962-03-07,2020-04-07,null,CH,41.3666666,102.3666666,960
74934099999,GUANBA NORTH,1945-02-28,1946-04-30,null,CH,30.583,107.833,501
57206099999,GUANG-YUAN,1956-08-20,1981-12-08,null,CH,32.433,105.8,487
58813099999,GUANGCHANG,1957-08-20,2020-04-07,null,CH,26.85,116.3333333,142
59007099999,GUANGNAN,1956-08-20,2020-04-07,null,CH,24.0666666,105.0666666,1251
53986099999,GUGUZHAI NW,1956-08-20,1961-10-31,null,CH,35.25,113.95,72
52955099999,GUINAN,2001-09-16,2020-04-07,null,CH,35.5833333,100.75,3123
59254099999,GUIPING,1956-08-21,2020-04-07,null,CH,23.4,110.0833333,44
58208099999,GUSHI,1956-08-20,2020-04-07,null,CH,32.1666666,115.6166666,44
53817099999,GUYUAN,1962-03-28,1997-03-18,null,CH,36.017,106.283,1676
55680099999,GYANGZE,1962-05-04,1995-02-12,null,CH,29,89.633,3657
54235099999,HA-ERH-T'AO,1980-12-23,1980-12-23,null,CH,42.5,122.133,183
50528099999,HAI-LAR/TUNGSHAN,1980-04-07,1980-04-07,null,CH,49.217,119.8,488
53805099999,HAI-YUAN,1979-07-24,1981-11-19,null,CH,36.567,105.65,1850
58250099999,HAIAN NORTHEAST,1974-09-19,1974-09-19,null,CH,32.567,120.467,12
59758099999,HAIKOU,1956-08-20,2020-03-26,null,CH,20,110.25,24
50527099999,HAILAR,1956-08-20,2020-03-26,null,CH,49.25,119.7,650
53231099999,HAILS,1961-08-13,2020-04-07,null,CH,41.45,106.3833333,1510
50756099999,HAILUN,1956-08-23,2020-04-07,null,CH,47.45,126.8666666,248
54863099999,HAIYANG,1959-08-01,2020-04-07,null,CH,36.7666666,121.1666666,64
53336099999,HALIUT,1956-08-20,2020-04-07,null,CH,41.5666666,108.5166666,1290
52203099999,HAMI,1956-08-23,2020-04-07,null,CH,42.8166667,93.5166667,739
57232099999,HAN-YIN,1962-03-28,1997-04-19,null,CH,32.9,108.517,457
53420099999,HANG-CHIN-HOU-CHI NW,1956-08-20,1961-10-31,null,CH,40.967,107.167,1035
53533099999,HANG-GIN-QI,1974-01-29,1982-01-06,null,CH,39.85,108.733,1450
74935099999,HANGCHOW CHINA,1945-10-22,1946-04-30,null,CH,30.233,120.166,8
74934899999,HANKOW CHINA,1945-09-30,1948-02-28,null,CH,30.583,114.25,37
57127099999,HANZHONG,1956-08-20,2020-04-07,null,CH,33.0666666,107.0333333,509
52765099999,HAO-MEN,1962-02-06,1999-03-19,null,CH,37.367,101.617,2682
50953099999,HARBIN,1956-08-20,2020-04-07,null,CH,45.9333333,126.5666666,117.7
50775099999,HE-GANG,1957-12-03,1991-08-14,null,CH,47.35,130.2,198
59023099999,HECHI,1956-08-20,2020-04-07,null,CH,24.7,108.05,214
57891099999,HECHUAN,1961-09-04,1963-01-29,null,CH,26.95,114.233,122
58436099999,HELIXI,1959-10-03,1961-03-14,null,CH,30.633,118.967,53
56065099999,HENAN,1962-02-06,2020-04-07,null,CH,34.7333333,101.6,3501
57872099999,HENGYANG,1943-08-31,2000-02-16,null,CH,26.933,112.583,98
53564099999,HEQU,1956-08-20,2020-04-07,null,CH,39.3666666,111.2166666,1037
58941099999,HESHANG SOUTHEAST,1957-08-19,1961-03-14,null,CH,25.933,119.567,8
59065099999,HEXIAN/BABU,1957-09-05,2000-01-28,null,CH,24.467,111.567,91
52868099999,HEY-IN,1962-03-28,1997-04-12,null,CH,36.033,101.433,2072
59293099999,HEYUAN,1956-08-21,2020-04-07,null,CH,23.8,114.7333333,41
54906099999,HEZE/CAOZHOU,1956-08-20,1995-01-12,null,CH,35.25,115.433,51
56080099999,HEZUO,1958-05-06,2020-04-07,null,CH,35,102.9,2910
51156099999,HOBOKSAR,1956-08-22,2020-04-07,null,CH,46.8166666,85.75,1323.2
45005099999,HONG KONG OBSERVATORY,1946-09-02,1992-06-30,null,CH,22.3,114.1666666,62
58665099999,HONGJIA,1956-08-20,2000-04-03,null,CH,28.6166666,121.4166666,2
58367099999,HONGQIAO INTL,1956-08-20,2020-04-07,null,CH,31.197875,121.336319,3.04
58138099999,HONGZE HU (LAKE),1957-08-22,1999-08-05,null,CH,33.333,118.667,2
51828099999,HOTAN,1956-08-24,2020-04-07,null,CH,37.1333333,79.9333333,1375
74934799999,HSIA-KUAN SOUTHEAST,1945-09-07,1948-11-19,null,CH,32.083,118.75,25
53666099999,HSIA-TAO-HUNG SOUTH,1957-12-02,1962-04-19,null,CH,38.4,111.833,1370
52838099999,HSIANG-JIH-TE NE,1974-08-30,1974-08-30,null,CH,36.067,97.75,2976
52740099999,HSIN-YUAN,1990-06-08,1997-04-10,null,CH,37.3,99.017,3627
74932799999,HSUPU CHINA AAB,1945-08-01,1945-08-15,null,CH,27.866,110.566,152
56485099999,HU-JIA-PU-ZIIA,1957-07-02,1998-05-03,null,CH,28.517,103.617,1485
57046099999,HUA SHAN,1956-08-23,2020-04-07,null,CH,34.4833333,110.0833333,2063
74934599999,HUA-CHIAO SOUTHEAST,1946-04-30,1946-08-31,null,CH,30.417,103.917,486
53391099999,HUADE,1956-08-20,2020-04-07,null,CH,41.9,114,1484
54273099999,HUADIAN,1957-12-04,2020-04-07,null,CH,42.9833333,126.75,264
59271099999,HUAIJI,1957-08-22,2000-01-23,null,CH,23.95,112.2,57
54405099999,HUAILAI,1956-08-20,2020-04-07,null,CH,40.4166666,115.5,538
58141099999,HUAIYIN,2004-07-13,2020-04-07,null,CH,33.6333333,118.9333333,13.7
52996099999,HUAJIALING,1956-08-21,2020-04-07,null,CH,35.3833333,105,2450
58437099999,HUANG SHAN,1956-08-20,2020-04-07,null,CH,30.1333333,118.15,1836
57896099999,HUANGDIAN,1957-08-25,1961-03-14,null,CH,26.25,114.333,282
59287199999,HUANGHUA,2004-07-13,2020-04-07,null,CH,28.189158,113.219633,66.14
54624099999,HUANGHUA,1962-04-06,1991-08-13,null,CH,38.383,117.35,4
54365099999,HUANREN,1957-12-02,2002-02-07,null,CH,41.267,125.367,204
59298099999,HUI-YANG,1957-08-30,2000-04-03,null,CH,23.083,114.417,16
57712099999,HUICHUAN,2019-11-08,2020-04-07,null,CH,27.7333333,106.95,984
59317099999,HUILAI,1957-08-02,2000-03-31,null,CH,23.083,116.3,30
56671099999,HUILI,1956-08-20,2020-04-07,null,CH,26.65,102.25,1788
54725099999,HUIMIN,1956-08-20,2020-04-07,null,CH,37.5,117.5333333,12
56684099999,HUIZE,1957-07-01,2020-04-07,null,CH,26.4,103.25,2189.3
50983099999,HULIN,1973-01-01,2020-04-07,null,CH,45.7666666,132.9666666,103
50353099999,HUMA,1956-08-21,2020-04-07,null,CH,51.7333333,126.6333333,175.6
99999943204,HUNG CHIA,1945-12-08,1949-04-25,null,CH,31.233,121.45,27.1
58938099999,HUNG-LAI,1988-02-02,1989-06-29,null,CH,25.083,118.517,61
53821099999,HUNG-TE,1962-03-08,2000-04-03,null,CH,36.767,107.2,1322
58314099999,HUOSHAN,1956-08-20,2020-04-07,null,CH,31.4,116.3333333,68
51430099999,INING,1956-08-20,1958-08-10,null,CH,43.917,81.283,670
57238099999,JAN-CHIA-PA,1973-02-03,1982-03-14,null,CH,32.1,108.483,1372
53502099999,JARTAI,1956-08-21,2020-04-07,null,CH,39.7833333,105.75,1143
54026099999,JARUD QI,1956-08-20,2020-04-07,null,CH,44.5666666,120.9,266
57799099999,JI'AN,1956-08-20,2020-04-07,null,CH,27.1166666,114.9666666,78
56202099999,JIA-LI,1962-05-04,1992-12-07,null,CH,30.783,93.4,4876
50873199999,JIA-MU-SI,1956-08-20,1956-12-31,null,CH,46.817,130.333,80
58737099999,JIAN'OU,1957-07-01,1999-11-23,null,CH,27.05,118.3166667,112
58825099999,JIANG-LE,1973-01-16,1981-05-27,null,CH,26.767,117.367,183
57516099999,JIANGBEI,1944-11-11,2020-04-07,null,CH,29.719217,106.641678,416.05
56977099999,JIANGCHENG,1973-01-01,2020-04-07,null,CH,22.6166666,101.8166666,1121
57476099999,JIANGLING,1957-06-11,2020-04-07,null,CH,30.3333333,112.1833333,33
54181099999,JIAOHE SOUTH,1956-08-20,1961-10-31,null,CH,43.717,127.15,275
57181099999,JIAXIAN,1957-12-02,1992-02-18,null,CH,33.9666667,113.2166667,76
53863099999,JIEXIU,1956-08-20,2020-04-07,null,CH,37.0333333,111.9166666,745
56067099999,JIGZHI,1961-12-31,1997-05-13,null,CH,33.467,101.483,3350
54172099999,JILIN,1957-12-02,1993-10-25,null,CH,43.85,126.55,188
52674099999,JIN-CHANG,1964-01-01,1997-05-13,null,CH,38.467,102.183,1676
59133099999,JIN-JIANG,1957-08-20,2000-04-03,null,CH,24.8,118.583,22
54823099999,JINAN/TSINAN,1956-08-20,2020-04-07,null,CH,36.6833333,116.9833333,58
57622099999,JINFO SHAN (MOUNT),1956-08-20,1994-12-30,null,CH,28.95,107.15,1907
56856099999,JING-DONG,1962-05-04,1998-10-13,null,CH,24.433,100.85,1676
58527099999,JINGDEZHEN,1956-08-20,2020-04-07,null,CH,29.3,117.2,60
57131099999,JINGHE,2006-10-10,2020-04-07,null,CH,34.4333333,108.9666666,411
51334099999,JINGHE,1956-08-20,2020-04-07,null,CH,44.5666666,82.8166666,330.2
56959099999,JINGHONG,1957-07-01,2020-04-07,null,CH,22,100.7833333,579
52895099999,JINGYUAN,1956-08-20,1997-05-14,null,CH,36.583,104.683,1505
58549099999,JINHUA,1957-07-05,2000-04-03,null,CH,29.15,119.633,35
53480099999,JINING,1956-08-20,2020-04-07,null,CH,41.0333333,113.0666666,1416
58321299999,JINJIANG AIRPORT,2014-08-07,2014-08-07,null,CH,24.796389,118.589722,51
56777099999,JINSHAN NORTH,1974-07-16,1974-07-16,null,CH,25.15,102.083,1580
52447099999,JINTA,1989-01-01,1997-05-13,null,CH,39.817,98.9,1372
54337099999,JINZHOU,1956-08-21,2020-04-07,null,CH,41.1333333,121.1166666,70
50349099999,JIU-HAI-LAI,1979-12-27,1991-08-12,null,CH,51.133,124.05,610
56462099999,JIULONG,1956-08-20,2020-04-01,null,CH,29,101.5,2994
57072099999,JIUMENGJIN,1957-12-02,1958-08-29,null,CH,34.817,112.633,119
52533099999,JIUQUAN/SUZHOU,1946-04-01,2020-04-07,null,CH,39.7666667,98.4833333,1478
58931099999,JIUXIAN SHAN,1956-08-20,2020-04-07,null,CH,25.7166666,118.1,1651
50978099999,JIXI,1956-08-23,2020-04-07,null,CH,45.3,130.9166666,273.5
53276099999,JURH,1956-08-20,2020-04-07,null,CH,42.4,112.9,1152
54936099999,JUXIAN,1957-12-02,2002-06-13,null,CH,35.55,118.75,109
51053099999,KABA HE,1962-02-06,2020-04-07,null,CH,48.05,86.35,534
57091099999,KAIFENG,1957-12-03,1991-08-14,null,CH,34.75,114.417,67
54134099999,KAILU,1957-12-03,1993-02-23,null,CH,43.617,121.317,274
54041099999,KAITONG/TONGYU,1957-12-02,1991-08-14,null,CH,44.8,123.083,152
56374099999,KANGDING,1957-07-01,2020-04-07,null,CH,30.05,101.9666666,2617
51243099999,KARAMAY,1962-03-08,2020-04-07,null,CH,45.6,84.85,428
52744099999,KARMAR NORTHWEST,1962-02-06,1962-06-20,null,CH,37.5,98.8,3978
51709099999,KASHI,1957-10-08,2020-04-07,null,CH,39.542922,76.019956,1380.43
50658099999,KESHAN,1957-12-06,2020-04-07,null,CH,48.05,125.8833333,237
58528099999,KOMATSUSHIMA AB,1980-10-08,1981-02-17,null,CH,29.167,117.5,0
51656099999,KORLA,1962-03-08,2020-04-07,null,CH,41.7333333,85.8166666,903
45004099999,KOWLOON,1992-08-01,2000-03-31,null,CH,22.3119444,114.1727778,66.4
54493099999,KUANDIAN,1956-08-20,2020-04-07,null,CH,40.7166666,124.7833333,261
31444099999,KUMARA,1947-09-01,1973-02-20,null,RS,51.583,126.75,173
58653099999,KUOCANG SHAN,1957-08-22,1994-06-30,null,CH,28.817,120.917,1375
51644099999,KUQA,1956-08-27,2020-04-07,null,CH,41.7166666,82.95,1100
51638099999,KUQA SOUTHWEST,1962-03-29,1962-07-12,null,CH,41.3,81.683,985
51346099999,KUYTUN,1956-08-27,1996-07-15,null,CH,44.433,84.967,442
56664099999,LA-SHI,1962-05-04,1998-10-13,null,CH,26.367,101.217,1210
56533099999,LA-WAN,1961-12-31,1998-09-18,null,CH,27.683,98.35,3352
54758099999,LAI-YANG AFLD (?),1979-07-14,1979-09-15,null,CH,36.967,120.583,72
52576099999,LAI-YEN-CH'IH,1957-07-01,1997-10-28,null,CH,39.383,102.833,1383
57545099999,LAIFENG,1945-05-01,2000-02-22,null,CH,29.533,109.383,561
54852099999,LAIYANG,1957-12-02,1993-10-06,null,CH,36.983,120.65,72
56954099999,LANCANG,1957-07-01,2020-04-07,null,CH,22.5666666,99.9333333,1054
74934499999,LANCHOW CHINA,1945-11-01,1946-12-30,null,CH,36,103.75,1543
56075099999,LANG-MU-SI,1957-06-30,1988-12-29,null,CH,34.1,102.617,3565
57306099999,LANGZHONG,1961-06-08,2020-04-07,null,CH,31.5833333,105.9666666,385
52889099999,LANZHOU,1945-11-01,2015-01-30,null,CH,36.05,103.8833333,1518
57265099999,LAOHEKOU,1956-08-20,2020-04-07,null,CH,32.4333333,111.7333333,128.8
74934699999,LENG-CHI NORTHWEST,1945-02-07,1945-02-28,null,CH,32.417,111.5,110
52602099999,LENGHU,1957-07-01,2020-04-07,null,CH,38.8333333,93.3833333,2771
56386099999,LESHAN,1962-06-12,1998-09-25,null,CH,29.567,103.767,440
54539099999,LETING,1957-12-02,2020-04-07,null,CH,39.4333333,118.9,12
55591099999,LHASA,1956-08-20,2020-04-07,null,CH,29.6666667,91.1333333,3650
55569099999,LHAZE,1980-10-01,1999-12-13,null,CH,29.067,87.683,4237
55696099999,LHUNZE,1961-12-31,2020-04-07,null,CH,28.4166666,92.4666666,3861
57957099999,LIANGJIANG,1943-06-07,2020-04-07,null,CH,25.218106,110.039197,173.73
57426099999,LIANGPING,1956-08-20,2020-04-07,null,CH,30.6833333,107.8,455
59096099999,LIANPING,1957-10-06,2020-04-07,null,CH,24.3666666,114.4833333,214
59072099999,LIANZHOU,1956-08-20,2020-04-07,null,CH,24.8,112.3666666,98
56651099999,LIJING,1944-01-31,2020-04-07,null,CH,26.8333333,100.2166667,2382
54830099999,LIN-ZI,1957-12-02,1992-02-01,null,CH,36.867,118.333,55
56951099999,LINCANG,1956-08-20,2020-04-07,null,CH,23.95,100.2166666,1503
54027099999,LINDONG,1956-08-20,2020-04-07,null,CH,43.9833333,119.4,485
59954099999,LING-SHUI,1957-10-05,2000-04-03,null,CH,18.5,110,50
57866099999,LINGLING,1943-06-01,2020-04-07,null,CH,26.2333333,111.6166666,174
54715099999,LINGXIAN,1995-04-01,2020-04-07,null,CH,37.3333333,116.5666666,19
58660099999,LINHAI (REPLACED BY 58652 - XIANJU),1994-08-01,2010-06-30,null,CH,28.85,121.133,9
53513099999,LINHE,1956-08-20,2020-04-07,null,CH,40.7666666,107.4,1041
54374099999,LINJIANG,1957-12-02,2020-04-07,null,CH,41.8,126.9166666,381
52986099999,LINTAO,1957-07-07,1997-04-23,null,CH,35.333,104,1905
54115099999,LINXI,1956-08-21,2020-04-07,null,CH,43.6333333,118.0333333,825.4
52984099999,LINXIA,1962-03-28,1997-05-09,null,CH,35.467,102.983,1920
54938099999,LINYI,1957-12-02,1997-12-31,null,CH,35.05,118.35,86
58239099999,LISHE,2007-01-23,2020-04-07,null,CH,29.824944,121.465069,3.96
53764099999,LISHI,1957-12-02,2020-04-07,null,CH,37.5,111.1,951
58646099999,LISHUI,1956-08-20,2020-04-07,null,CH,28.45,119.9166666,60
56257099999,LITANG,1956-08-20,2020-04-07,null,CH,30,100.2666666,3950
57925099999,LIU-CHAI,1957-08-22,1963-12-31,null,CH,25.3,107.4,854
56741099999,LIU-KU,1961-12-31,1998-10-13,null,CH,25.783,98.85,2377
58057099999,LIUDUO SOUTHWEST,1957-08-22,1959-12-29,null,CH,34.067,120.217,3
74933799999,LIULIN SOUTHWEST,1944-09-08,1946-03-19,null,CH,36.517,109.45,1196
54857099999,LIUTING,1956-08-20,2020-04-07,null,CH,36.266108,120.374436,10.05
59046099999,LIUZHOU,1943-09-20,2020-04-07,null,CH,24.35,109.4,97
58345099999,LIYANG,1957-08-20,2020-04-07,null,CH,31.4333333,119.4833333,8
58811099999,LO-KOU,1973-12-03,1973-12-03,null,CH,26.85,116.067,243
74932599999,LO-PING,1945-06-15,1945-10-08,null,CH,24.95,104.35,1550
59228099999,LONG'AN,1988-02-02,2000-02-23,null,CH,23.133,107.65,457
50656099999,LONG-ZHEN,1961-11-01,1991-08-13,null,CH,48.65,126.667,305
57816099999,LONGDONGBAO,1945-02-04,2020-04-07,null,CH,26.538522,106.800703,1138.73
54161099999,LONGJIA,1956-08-20,2020-04-07,null,CH,43.996419,125.680786,215.18
58647099999,LONGQUAN,1957-08-11,2000-04-03,null,CH,28.1,119.083,180
58927099999,LONGYAN,1956-08-20,1993-06-30,null,CH,25.1,117.017,341
59417099999,LONGZHOU,1956-08-20,2020-04-07,null,CH,22.3666666,106.75,129
58506099999,LU SHAN,1956-08-20,2020-04-07,null,CH,29.5833333,115.9833333,1165
57451099999,LU-CONG-PO,1957-08-22,1997-06-30,null,CH,30.783,110.267,1188
54577099999,LU-DA/ZHENG-SHA-HE,1980-10-20,1981-04-06,null,CH,39.267,122.083,31
58238099999,LUKOU,1956-08-20,2020-04-07,null,CH,31.742042,118.862025,14.93
55248099999,LUMARINGBO,1973-03-13,2000-04-03,null,CH,32.3,84.05,4420
51642099999,LUNTAI/BUGUR,1962-03-28,1997-05-13,null,CH,41.783,84.167,883
53942099999,LUO-CHUAN,1957-07-01,1997-04-17,null,CH,35.75,109.417,1000
57298099999,LUO-SHAN,1973-11-29,1983-12-22,null,CH,32.217,114.533,75
56151099999,LUO-XUE,1973-01-01,1997-05-09,null,CH,32.567,100.583,3505
57073099999,LUO-YANG,1956-08-20,1983-06-30,null,CH,34.667,112.417,155
54192099999,LUO-ZI-GOU,1957-12-01,1988-12-24,null,CH,43.717,130.317,500
57916099999,LUODIAN,1956-08-20,2020-04-07,null,CH,25.4333333,106.7666666,441
59462099999,LUODING,1959-11-07,1999-11-23,null,CH,22.717,111.55,134
58321099999,LUOGANG,1956-08-20,2020-04-07,null,CH,31.780019,117.298436,32.91
58846099999,LUOYUAN,1957-08-25,1999-12-04,null,CH,26.517,119.533,85
57173099999,LUSHAN EAST,1974-01-19,1974-01-19,null,CH,33.733,112.917,125
57067099999,LUSHI,1956-08-20,2020-04-07,null,CH,34.0833333,111.0666666,659.5
54285099999,LUSHUIHE,1958-01-01,1991-08-10,null,CH,42.517,127.8,853
56886099999,LUXI,1961-12-31,2020-04-07,null,CH,24.5333333,103.7666666,1708
57602099999,LUZHOU,1945-06-30,2002-12-31,null,CH,28.883,105.433,336
57078099999,LYANG,1979-08-10,1980-06-20,null,CH,34.15,112.467,400
57825099999,MA-JIANG,1945-03-11,1998-09-18,null,CH,26.5,107.583,726
56173099999,MA-TANG,1973-01-01,2000-04-04,null,CH,31.85,102.7,3422
57399099999,MACHENG,1957-08-22,2020-04-07,null,CH,31.1333333,114.95,75.2
56033099999,MADOI,1956-08-20,2020-04-07,null,CH,34.9166666,98.2166666,4273
56999099999,MALIPO SOUTHEAST,1974-06-11,1974-06-11,null,CH,23.133,104.7,1057
50514099999,MAN-ZHOU-LI,1958-10-02,1991-08-14,null,CH,49.55,117.467,710
53149099999,MANDAL,1958-01-01,2020-04-07,null,CH,42.5333333,110.1333333,1223
51886099999,MANGNAI,1961-08-06,2020-04-07,null,CH,38.25,90.85,2945
74925999999,MANGSHI,1945-01-01,1945-08-28,null,CH,24.45,98.583,922
52323099999,MAZONG SHAN,1962-02-06,2020-04-07,null,CH,41.8,97.0333333,1770
59117099999,MEI XIAN,1956-08-20,2020-04-07,null,CH,24.2833333,116.0666666,116.9
57669099999,MEI-CHENG-ZHEN,1957-08-17,1999-11-02,null,CH,28.15,111.633,201
54266099999,MEIHEKOU WEST,1956-08-21,1961-10-31,null,CH,42.517,125.633,326
47031199999,MEILAN,2004-07-06,2020-04-07,null,CH,19.934856,110.458961,22.86
56965099999,MENG-WANG,1974-07-06,1978-01-22,null,CH,22.483,101.3,975
56945099999,MENGDING,1962-01-04,1989-12-31,null,CH,23.567,99.083,512
57071099999,MENGJIN,1983-07-01,2020-04-07,null,CH,34.8166666,112.4333333,333
56969099999,MENGLA,1973-01-01,2020-04-07,null,CH,21.5,101.5833333,633
59058099999,MENGSHAN,1957-08-21,2020-04-07,null,CH,24.2,110.5166666,145
56985099999,MENGZI,1945-03-01,2020-04-07,null,CH,23.45,103.3333333,1313.6
53743099999,MI-ZHI AIRFIELD (?),1980-09-09,1981-11-02,null,CH,37.867,110.067,975
56196099999,MIANYANG,1962-05-03,2020-04-07,null,CH,31.45,104.7333333,522
51839099999,MINFENG,1962-02-06,2000-04-03,null,CH,37.0666666,82.7166666,1409
50758099999,MING-SHUI,1957-12-04,1991-08-14,null,CH,47.25,125.883,259
52876099999,MINHE,1962-03-28,1997-04-17,null,CH,36.333,102.833,1905
52681099999,MINQIN,1957-07-01,2020-04-07,null,CH,38.6333333,103.0833333,1367
50136099999,MOHE,1973-01-01,2020-04-07,null,CH,52.9666666,122.5333333,438
54094099999,MUDANJIANG,1956-08-20,2020-04-07,null,CH,44.5,129.6666666,306.5
54097099999,MUDANJIANG NORTH,1957-12-02,1959-08-28,null,CH,44.133,129.217,282
55299099999,NAGQU,1956-08-20,2020-04-07,null,CH,31.4833333,92.0666666,4508
52941099999,NAME UNKNOWN,1990-01-01,1993-04-19,null,CH,35.717,98.917,3962
58721099999,NAME UNKNOWN (ONC),1974-07-18,1974-07-18,null,CH,27.717,117.05,305
57576099999,NAN XIAN SOUTH,1957-08-23,1957-11-30,null,CH,29.333,112.417,31
54207099999,NAN-JUAN-ZI,1980-06-28,1981-02-23,null,CH,42.3,115.683,1524
58715099999,NANCHENG,1956-08-20,2020-04-07,null,CH,27.5833333,116.65,82
58044099999,NANCHENG NORTHEAST,1956-08-22,1957-12-31,null,CH,34.583,119.25,4
54705099999,NANGONG,1961-08-10,2001-12-28,null,CH,37.367,115.383,42
56125099999,NANGQEN,1962-01-01,1997-05-13,null,CH,32.25,96.2166667,4145
58834099999,NANPING,1956-08-20,2020-04-07,null,CH,26.6333333,118.15,153
54852599999,NANTONG,2016-05-19,2016-05-19,null,CH,32.02,120.85,6
58259099999,NANTONG/JINSHA,1957-06-06,2000-02-16,null,CH,32.1,120.867,1
57178099999,NANYANG,1956-08-20,2020-04-07,null,CH,33.1,112.4833333,181.6
57776099999,NANYUE,1956-08-20,2020-04-07,null,CH,27.3,112.7,1268
52112099999,NAOMAOHU,2003-03-30,2020-04-07,null,CH,43.6,95.1333333,469
59209099999,NAPO,1973-01-01,2020-04-07,null,CH,23.3,105.95,794
53083099999,NARAN BULAG,1958-01-01,2020-04-07,null,CH,44.6166666,114.15,1183
57604099999,NAXI,2003-04-01,2020-04-07,null,CH,28.7833333,105.3833333,364
55598099999,NEDONG,1962-05-04,1997-11-07,null,CH,29.233,91.767,3657
57504099999,NEIJIANG,1956-08-20,2001-12-31,null,CH,29.583,105.05,357
57503099999,NEIJIANG,2013-07-12,2020-04-07,null,CH,29.6166666,105.1166666,349
50557099999,NENJIANG,1956-08-21,2020-04-07,null,CH,49.1666666,125.2333333,243
58815099999,NING-HUA,1973-01-17,1981-12-20,null,CH,26.267,116.65,303
59427099999,NING-MING,1980-10-02,1980-10-02,null,CH,22.117,107.133,168
58562099999,NINGBO,1957-08-24,2000-04-03,null,CH,29.917,121.467,6
50741099999,NORTHEAST,1957-12-05,1959-08-28,null,CH,47.9,133.5,50
52825099999,NUO-MU-HONG,1957-07-01,1997-10-28,null,CH,36.45,96.467,2804
56312099999,NYINGCHI,1956-08-20,2020-04-07,null,CH,29.5666666,94.4666666,3001
53529099999,OTOG QI,1956-08-20,2020-04-07,null,CH,39.1,107.9833333,1381
51804099999,P U-LI,1957-02-02,1960-03-26,null,CH,37.783,75.233,3159
55294099999,P'A-NA,1980-10-01,2000-04-03,null,CH,32.267,91.667,4724
53539099999,PA LA MU TU SHIH LI,1980-05-09,1981-03-25,null,CH,39.15,108.9,1140
51232099999,PA-ERH-LU-K'O MTN,1962-02-06,1997-05-13,null,CH,45.95,82.567,1067
55773099999,PAGRI,1956-08-20,2020-04-07,null,CH,27.7333333,89.0833333,4300
52391099999,PANG-TING-TO-TO-KAI,1961-08-03,1964-12-31,null,CH,41.75,103.967,1463
51352099999,PAO-TAI EAST,1956-08-28,1957-06-28,null,CH,44.817,85.6,335
51477099999,PAU-YANG-HU,1962-03-30,1997-05-13,null,CH,43.2,88.467,1037
99999944101,PEKING,1946-05-21,1946-06-30,null,CH,40,116.5,50.9
57537099999,PENG-SHUI,1957-07-01,1958-05-05,null,CH,29.25,108.167,314.9
53738099999,PIN-KOU-MEN,1961-07-28,1998-04-30,null,CH,37.15,108.383,1438
57682099999,PINGJIANG,1959-11-02,1999-12-06,null,CH,28.75,113.617,88
53915099999,PINGLIANG,1956-08-23,2020-04-07,null,CH,35.55,106.6666666,1348
59224099999,PINGMA,1957-06-03,1987-12-30,null,CH,23.6,107.117,112
56193099999,PINGWU,1957-07-01,2006-12-31,null,CH,32.4166666,104.5166666,894
51818099999,PISHAN,1962-02-06,2020-04-07,null,CH,37.6166666,78.2833333,1376
54618099999,POTOU,1997-12-01,2020-04-07,null,CH,38.0833333,116.55,13
56793099999,PU-AN,1962-05-04,1998-11-02,null,CH,25.783,104.95,2133
58731099999,PUCHENG,1956-08-20,2020-04-07,null,CH,27.9166666,118.5333333,275
57583099999,PUQI,1957-07-05,2000-02-14,null,CH,29.717,113.883,61
56137099999,QAMDO,1956-08-20,2020-04-07,null,CH,31.15,97.1666666,3307
50838099999,QARSAN SOUTHEAST,1956-08-20,1961-10-31,null,CH,46.217,122.05,273
53810099999,QI-YING,1962-03-28,1997-04-23,null,CH,36.55,106.15,1615
50949099999,QIAN GORLOS,1956-08-25,2020-04-07,null,CH,45.0833333,124.8666666,136
56265099999,QIAN-NING,1957-07-01,1979-04-30,null,CH,30.5,101.483,3452
57034099999,QIAN-XIAN,1962-03-29,1997-03-21,null,CH,34.533,108.233,335
57649099999,QIAN-ZHOU-ZHEN,1960-01-03,1999-12-06,null,CH,28.267,109.683,560
51855099999,QIEMO/QARQAN,1956-08-25,2000-04-03,null,CH,38.15,85.55,1248
59273099999,QINGCHENG,1974-03-07,1974-07-06,null,CH,23.667,112.867,20
51186099999,QINGHE/QINGGLI,1962-03-29,1997-05-13,null,CH,46.717,90.4,1463
58144099999,QINGJIANG,1956-08-20,2000-12-31,null,CH,33.6,119.0333333,19
58608099999,QINGJIANG/ZHANGSHUZ,1957-08-21,1999-09-18,null,CH,28.05,115.533,40
54436099999,QINGLONG,1957-12-02,2020-03-25,null,CH,40.4,118.95,228
56034099999,QINGSHUI-HE,1957-07-01,1998-03-13,null,CH,33.8,97.133,4419
54259099999,QINGYUAN,1957-12-02,2020-04-07,null,CH,42.0666666,124.8666666,230
59632099999,QINZHOU,1956-08-20,2020-04-07,null,CH,21.95,108.6166666,6
59855099999,QIONGHAI,1956-08-20,2020-04-07,null,CH,19.2333333,110.4666666,25
74933999999,QIONGLAI NORTHEAST,1945-01-31,1945-02-28,null,CH,30.45,103.533,539
51379099999,QITAI,1956-08-22,2020-04-07,null,CH,44.0166666,89.5666666,794
58726099999,QIXIAN SHAN,1956-08-20,1991-12-31,null,CH,27.95,117.833,1415
58407099999,QIZHOU,1957-08-20,1999-03-29,null,CH,30.067,115.333,29
58633099999,QU XIAN,1956-08-20,2020-04-07,null,CH,28.9666666,118.8666666,71
56021099999,QUMARLEB,1957-07-01,2020-04-07,null,CH,34.1333333,95.7833333,4176
54945099999,RIZHAO,1957-12-02,2020-04-07,null,CH,35.4333333,119.5333333,37
57947099999,RONG-SHUI,1957-10-06,2000-02-16,null,CH,25.067,109.25,183
57932099999,RONGJIANG,1956-08-20,2020-04-07,null,CH,25.9666666,108.5333333,287
58752099999,RUIAN,2004-07-13,2020-04-07,null,CH,27.7833333,120.65,38
56838099999,RUILI,1961-12-31,2020-03-25,null,CH,24,97.85,776
56079099999,RUO'ERGAI,1962-01-01,2020-04-07,null,CH,33.5833333,102.9666666,3441
51777099999,RUOQIANG,1956-08-20,2020-04-07,null,CH,39.0333333,88.1666666,889
51701099999,SAI-K'O-LO-T'E-MA,1962-03-28,1997-05-13,null,CH,40.45,75.383,3651
50742099999,SAN-CHEN-FANG,1957-12-07,1991-08-14,null,CH,47.783,124.167,146
50425099999,SAN-HE,1957-06-01,1991-08-13,null,CH,50.5,120.067,671
57554099999,SANGZHI,1959-11-01,2020-04-07,null,CH,29.4,110.1666666,322
50745099999,SANJIAZI,1956-08-20,2020-04-07,null,CH,47.239628,123.918131,145.38
58820099999,SANMING,1957-08-21,2000-01-23,null,CH,26.183,117.617,198
57832099999,SANSUI,1962-01-02,2020-04-07,null,CH,26.9666666,108.6666666,631
57307099999,SANTAI,1974-01-31,1974-06-27,null,CH,31.083,105.083,385
57494199999,SANYA PHOENIX INTL,2004-07-13,2020-04-07,null,CH,18.302892,109.412269,28.04
52833099999,SERH,1989-09-22,1993-06-20,null,CH,36.95,98.35,2987
56152099999,SERTAR,1962-05-04,2020-04-07,null,CH,32.2833333,100.3333333,3896
45039099999,SHA TIN,2004-07-13,2020-04-07,null,CH,22.4,114.2,8
52702099999,SHA-LIANG-ZI,1980-12-22,1981-04-06,null,CH,37.917,93.35,0
58826099999,SHA-XIAN,1973-01-28,1981-05-07,null,CH,26.4,117.783,183
51811099999,SHACHE,1956-08-20,2020-04-07,null,CH,38.4333333,77.2666666,1232
54080099999,SHAHEZI SE,1957-12-01,1959-08-29,null,CH,44.483,127.6,249
54455099999,SHAHOUSUO,1957-12-04,1963-12-31,null,CH,40.484,120.567,10
52661099999,SHAN-DAN,1956-08-21,1997-04-30,null,CH,38.8,101.083,1760
54449099999,SHAN-HAI-GUAN,1956-08-20,1961-10-31,null,CH,40,119.75,27
57156099999,SHANG-NAN,1957-12-03,1991-08-14,null,CH,33.533,110.883,914
57992099999,SHANG-YU,1973-01-30,1975-09-15,null,CH,25.8,114.533,202
58362099999,SHANGHAI,1991-06-15,2020-04-07,null,CH,31.4,121.4666666,4
58918099999,SHANGHANG,1957-08-20,1999-12-05,null,CH,25.067,116.35,207
58005099999,SHANGQIU,1961-11-01,1991-08-14,null,CH,34.4,115.633,50
58626099999,SHANGRAO,1957-06-06,1999-12-06,null,CH,28.483,117.983,90
57143099999,SHANGXIAN,1962-03-29,1997-04-12,null,CH,33.917,109.95,748
50968099999,SHANGZHI,1956-08-23,2020-04-07,null,CH,45.2166666,127.9666666,191
51581099999,SHANSHAN/PIQAN,1989-12-29,1993-08-05,null,CH,42.917,90.25,410
59316099999,SHANTOU,1956-08-20,2020-04-07,null,CH,23.4,116.6833333,3
59501099999,SHANWEI,1956-08-20,2020-04-07,null,CH,22.7833333,115.3666666,5
59082099999,SHAOGUAN,1956-08-20,2020-04-07,null,CH,24.6666666,113.6,68
58725099999,SHAOWU,1957-10-04,2020-04-07,null,CH,27.3333333,117.4666666,219
57766099999,SHAOYANG,1957-08-23,2020-04-07,null,CH,27.1833333,111.45,310.4
53362099999,SHARA MORON SUME,1961-11-04,1991-08-14,null,CH,42.033,111.533,1372
58556099999,SHENGXIAN,1957-07-04,2020-04-07,null,CH,29.6,120.8166666,108
54342099999,SHENYANG,1956-08-20,2020-04-07,null,CH,41.7333333,123.5166666,43
58150099999,SHEYANG,1960-01-12,2020-04-07,null,CH,33.75,120.3,3
57562099999,SHI-MEN,1959-11-11,2000-02-08,null,CH,29.583,111.3,91
54871099999,SHIDAO,1956-08-20,1961-10-31,null,CH,36.883,122.417,79
51356099999,SHIHEZI,1956-08-21,1996-08-19,null,CH,44.3,86.033,457
53698099999,SHIJIAZHUANG,1956-08-20,2020-04-07,null,CH,38.0666666,114.35,104.8
56038099999,SHIQU,1962-08-02,1998-06-13,null,CH,32.983,98.1,4114
55228099999,SHIQUANHE,1962-01-04,2020-04-07,null,CH,32.5,80.0833333,4280
51495099999,SHISANJIANFANG,1956-08-20,2020-04-07,null,CH,43.2166666,91.7333333,732
54584099999,SHISHAN NORTHEAST,1956-08-20,1961-10-31,null,CH,39.717,123.067,17
53519099999,SHIZUISHAN/DAWUKOU,1962-03-28,1997-04-17,null,CH,39.05,106.4,975
58745099999,SHOU-NING,1957-08-20,1962-05-31,null,CH,27.467,119.483,732
58215099999,SHOUXIAN/SHOUYANG,1957-08-22,2000-01-11,null,CH,32.583,116.783,23
52343099999,SHU-LUN-CHING,1961-07-30,1961-10-31,null,CH,41.95,100,958
57774099999,SHUANG-FENG,1957-08-19,2000-01-20,null,CH,27.45,112.2,916
52446099999,SHUANGCHENGTZU,1956-08-22,2000-04-03,null,CH,40.4,99.8,1158
56294099999,SHUANGLIU,1956-08-20,2020-04-07,null,CH,30.578528,103.947086,495.3
74934299999,SIAN CHINA,1945-03-14,1945-10-31,null,CH,34.25,108.916,416
56964099999,SIMAO,1944-05-17,2020-04-07,null,CH,22.7666666,100.9833333,1303
57731099999,SINAN,1957-07-01,2020-04-07,null,CH,27.95,108.25,418
54157099999,SIPING,1956-08-20,2020-04-07,null,CH,43.1833333,124.3333333,167
54486099999,SITAIZI,1957-12-02,1959-08-24,null,CH,40.467,123.967,126
56106099999,SOG XIAN,1957-07-03,2020-04-07,null,CH,31.8833333,93.7833333,4024
51915099999,SOGAT SOUTHWEST,1957-07-01,1958-05-05,null,CH,36.333,78,3700
52968099999,SON-AG,1962-03-28,1989-12-15,null,CH,35.033,101.467,3565
59303099999,SONG-LIN-BA,1957-10-08,2000-03-30,null,CH,23.967,115.967,152
58850099999,SONGCHENG NORTHEAST,1960-05-12,1963-10-31,null,CH,26.933,120.067,258
54287099999,SONGJIANGHE,1961-11-01,1991-08-03,null,CH,42.167,127.5,975
56182099999,SONGPAN,1956-08-20,2020-04-07,null,CH,32.6666666,103.6,2882.5
57896199999,SUI-CHUAN,1943-09-30,1946-02-28,null,CH,26.333,114.5,152
53754099999,SUIDE,1962-03-29,1997-04-17,null,CH,37.467,110.25,900
54096099999,SUIFENHE,1956-08-20,2020-04-07,null,CH,44.3833333,131.15,498
57405099999,SUINING,1962-05-27,1998-08-21,null,CH,30.5,105.583,300
58122099999,SUINING,1957-08-19,1999-09-18,null,CH,33.9,117.95,26
54454099999,SUIZHONG,1979-11-17,1994-04-08,null,CH,40.35,120.35,18
57385099999,SUIZHOU,1961-09-05,1999-12-06,null,CH,31.717,113.367,61
54606099999,SUNING,1957-12-02,1959-08-14,null,CH,38.433,115.833,15
50564099999,SUNWU,1956-08-20,2020-04-07,null,CH,49.4333333,127.35,235
58358099999,SUZHOU,1957-08-19,1999-01-14,null,CH,31.267,120.617,19
52707099999,T'A-ERH-TING,1957-07-01,2000-04-03,null,CH,37.067,92.867,2712
55437099999,T'U-KO-ERH-HO-KUNG,1973-03-13,2000-04-03,null,CH,30.55,81.433,4736
45032099999,TA KWU LING,1993-01-14,2020-04-07,null,CH,22.5333333,114.15,13
50246099999,TA-HE,1973-02-09,1991-08-14,null,CH,52.333,124.8,465
51133099999,TACHENG,1962-02-06,2020-04-07,null,CH,46.7333333,83,535
45034099999,TAI MEI TUK,1993-01-14,1993-01-14,null,CH,22.4833333,114.2333333,53
54826099999,TAI SHAN,1956-08-20,2020-04-07,null,CH,36.25,117.1,1536
54827099999,TAI-AN,1957-12-02,1963-12-30,null,CH,36.183,117.133,155
54001099999,TAI-LE-MIN-SU-MU,1990-04-03,1992-11-24,null,CH,44.9,115.417,1143
58821099999,TAI-NING,1973-09-03,1974-07-08,null,CH,26.9,117.167,305
59478099999,TAI-SHAN,1956-08-20,2000-04-03,null,CH,22.267,112.783,46
50844099999,TAILAI,1961-11-01,2020-03-25,null,CH,46.4,123.45,150
54161199999,TAIPING,2004-07-13,2020-04-07,null,CH,45.623403,126.250328,139.29
58015099999,TANG-SHAN,1957-08-21,2000-01-11,null,CH,34.417,116.333,44
54623099999,TANGGU,1957-12-02,1999-11-01,null,CH,39.017,117.6,4
54534099999,TANGSHAN,1956-08-20,2020-03-25,null,CH,39.65,118.1,29
54342499999,TAOXIAN,1992-07-01,2020-04-07,null,CH,41.639842,123.483425,60.35
51747099999,TAZHONG,2001-09-16,2020-04-07,null,CH,39,83.6666666,1099
50834099999,TE-PO-SU-K/-MIAO,1961-11-01,1991-08-14,null,CH,46.5,121.367,427
51706099999,TEJAN,1956-08-20,1957-09-30,null,CH,39.7,76.35,null
56739099999,TENGCHONG,1957-07-01,2020-04-07,null,CH,24.9833333,98.5,1696.9
59021099999,TIAN'E/LIUPAI,1973-07-15,1999-05-25,null,CH,25.083,107.2,305
54528099999,TIAN-JIN/ZHANG-GUI,1980-07-15,1980-10-19,null,CH,39.133,117.35,3
57494099999,TIANHE,1945-09-30,2020-04-07,null,CH,30.783758,114.2081,34.44
54527099999,TIANJIN,1956-08-20,2020-04-07,null,CH,39.1,117.1666666,5
58445099999,TIANMU SHAN (MTNS),1957-08-19,1998-04-30,null,CH,30.35,119.417,1494
57006099999,TIANSHUI,1956-08-23,2003-12-31,null,CH,34.5833333,105.75,1143
50862099999,TIE-LI,1957-12-15,1991-08-14,null,CH,47.067,128.033,264
57077099999,TIEN-HU,1961-11-04,1991-08-14,null,CH,34.15,112.1,753
51765099999,TIKANLIK,1957-07-01,2020-04-07,null,CH,40.6333333,87.7,847
55664099999,TINGRI,1960-03-22,2020-04-07,null,CH,28.6333333,87.0833333,4300
51241099999,TO-LI,1957-06-30,1997-05-13,null,CH,45.95,83.617,2072
53947099999,TONGCHUAN,1956-08-21,1999-12-29,null,CH,35.167,109.05,914
57845099999,TONGDAO,1959-11-01,2020-04-07,null,CH,26.1666666,109.7833333,397
52957099999,TONGDE,1956-08-20,1998-12-31,null,CH,35.267,100.65,3290
50963099999,TONGHE,1956-08-20,2020-04-07,null,CH,45.9666666,128.7333333,110
54363099999,TONGHUA,1957-12-02,1998-11-28,null,CH,41.717,125.917,312
54135099999,TONGLIAO,1956-08-20,2020-04-07,null,CH,43.6,122.2666666,180
99999943205,TSINGTAO,1945-12-31,1948-09-30,null,CH,36.183,120.383,14
56459099999,TU-ZHA,1962-05-27,1998-04-17,null,CH,28.15,100.933,2743
50434099999,TULIHE,1957-06-01,2020-04-07,null,CH,50.45,121.7,733
58531099999,TUNXI,1957-06-03,2012-11-21,null,CH,29.717,118.267,145
57968099999,TUO-JIANG (?),1957-08-22,1963-12-24,null,CH,25.183,111.583,122
52633099999,TUO-LE,1962-02-06,2000-04-03,null,CH,38.8,98.417,609
56004099999,TUOTUOHE,1957-07-01,2020-04-07,null,CH,34.2166666,92.4333333,4535
51573099999,TURPAN,1956-08-23,2020-04-07,null,CH,42.95,89.2333333,39.3
50915099999,ULIASTAI,1956-08-20,2020-04-07,null,CH,45.5166666,116.9666666,840
56041099999,UNKNOWN,1962-03-29,1997-04-17,null,CH,34.5,98.883,4175
54195099999,WANG-CH'ING,1989-01-01,1991-08-14,null,CH,43.317,129.75,244
50853099999,WANG-KUI,1957-12-02,1991-08-14,null,CH,46.833,126.483,158
59634099999,WANWEI,1957-08-21,1957-11-25,null,CH,21.55,108.167,21
57432099999,WANXIAN,1962-05-04,1998-08-21,null,CH,30.8,108.35,299
57237099999,WANYUAN,1956-08-20,2020-04-07,null,CH,32.0666666,108.0333333,674
54311099999,WEICHANG,1956-08-20,2020-04-07,null,CH,41.9333333,117.75,844
54843099999,WEIFANG,1956-08-20,2020-04-07,null,CH,36.7666666,119.1833333,22
54774099999,WEIHAI,1957-12-02,1992-02-18,null,CH,37.45,122.033,61
56691099999,WEINING,1957-07-01,2020-04-07,null,CH,26.8666666,104.2833333,2236
56548099999,WEIXI,1957-07-01,1998-10-13,null,CH,27.217,99.317,2743
57134099999,WEN-HUANG-PING,1957-07-01,1997-05-13,null,CH,33.45,108.25,548
51628099999,WEN-SU,1956-08-23,1996-06-17,null,CH,41.267,80.233,1286
56188099999,WENCHUAN,1962-05-04,1998-08-01,null,CH,31.483,103.583,2042
56187099999,WENJIANG,2005-01-01,2020-04-07,null,CH,30.75,103.8666666,541
56994099999,WENSHAN,1962-05-04,1998-10-13,null,CH,23.367,104.383,1278
54142099999,WO-HU-TUN,1957-12-02,1993-02-23,null,CH,43.7,123.6,183
51463099999,WU LU MU QI,1956-08-22,2020-04-07,null,CH,43.7833333,87.6166666,919
54063099999,WU-CHAI-CHAN,1957-12-02,1991-08-14,null,CH,44.967,125.683,240
57458099999,WU-FENG,1957-07-01,2000-01-20,null,CH,30.2,110.667,915
58334099999,WU-HU,1957-06-06,1985-12-31,null,CH,31.333,118.35,20
56093099999,WU-SHAN,1956-08-23,2000-04-03,null,CH,34.717,104.883,1371
57203099999,WU-TONG-YUAN,1974-08-10,1974-08-10,null,CH,32.817,105.7,700
53663099999,WU-ZHAI,1957-12-02,1959-08-29,null,CH,38.917,111.833,1463
54213099999,WUDAN/ONGNIUD QI,1957-12-02,1991-08-14,null,CH,42.967,119.033,634
52908099999,WUDAOLIANG,1957-07-01,2020-04-07,null,CH,35.2166666,93.0833333,4613
56096099999,WUDU,1956-08-24,2020-04-07,null,CH,33.4,104.9166666,1079
57853099999,WUGANG,1957-08-19,2020-04-07,null,CH,26.7333333,110.6333333,340
58338099999,WUHUXIAN,1986-01-01,2020-04-07,null,CH,31.15,118.5833333,16
56778099999,WUJIABA,1942-07-13,2020-04-07,null,CH,24.992364,102.743536,1894.94
52787099999,WUSHAOLING,1956-08-21,2020-04-07,null,CH,37.2,102.8666666,3044
53772099999,WUSU,1956-08-20,2020-04-07,null,CH,37.746897,112.628428,784.86
53588099999,WUTAI SHAN,1956-08-20,2020-04-07,null,CH,38.95,113.5166666,2210
59431099999,WUXU,1944-01-15,2020-04-07,null,CH,22.608267,108.172442,128.32
58730099999,WUYISHAN,1992-03-01,2020-04-07,null,CH,27.7666666,118.0333333,221
59265099999,WUZHOU,1956-08-20,2020-04-07,null,CH,23.4833333,111.3,120
55472099999,XAINZA,1973-01-01,2020-04-07,null,CH,30.95,88.6333333,4670
54012099999,XI UJIMQIN QI,1956-08-21,2020-04-07,null,CH,44.5833333,117.6,997
53903099999,XI-JI,1962-03-28,1997-04-30,null,CH,35.967,105.717,1935
53853099999,XI-XIAN,1961-11-01,1991-08-13,null,CH,36.7,110.933,1006
58831099999,XIA-YANG,1957-08-09,1982-01-15,null,CH,26.783,118,146
52978099999,XIAHE NORTH,1956-08-21,1958-04-07,null,CH,35.233,102.5,3050
57036099999,XIANYANG,1945-03-14,2020-04-07,null,CH,34.447119,108.751592,479.14
50548099999,XIAO'ERGOU,1957-06-01,2020-04-07,null,CH,49.2,123.7166666,288
56178099999,XIAO-JIN,1956-08-20,1997-10-01,null,CH,31.017,102.367,2426
50442099999,XIAO-YANG-QI,1973-03-13,1991-08-14,null,CH,50.8,124.283,549
58457099999,XIAOSHAN,1945-10-22,2020-04-07,null,CH,30.228333,120.431667,7.01
56571099999,XICHANG,1944-03-30,2020-04-07,null,CH,27.9,102.2666666,1599
53923099999,XIFENGZHEN,1956-08-20,2020-04-07,null,CH,35.7333333,107.6333333,1423
55578099999,XIGAZE,1957-07-22,2020-04-07,null,CH,29.25,88.8833333,3837
57193099999,XIHUA,1956-08-20,2020-04-07,null,CH,33.7833333,114.5166666,53
54102099999,XILIN HOT,1956-08-20,2020-04-07,null,CH,43.95,116.1166666,1004
50603099999,XIN BARAG YOUQI,1961-09-05,2020-04-07,null,CH,48.6833333,116.8166666,556.7
57996099999,XIN-FENG,1959-11-01,2000-02-16,null,CH,25.4,114.933,195
59849099999,XIN-SHI,1957-10-06,2000-04-03,null,CH,19.067,109.883,243
52313099999,XING-XING-XIA,1956-08-22,1996-07-15,null,CH,41.783,95.133,1935
74932999999,XINGANG,1946-07-21,1946-10-02,null,CH,29.75,116.133,30
52943099999,XINGHAI,1960-06-26,1997-05-09,null,CH,35.75,99.983,3200
57902099999,XINGREN,1956-08-20,2020-04-07,null,CH,25.4333333,105.1833333,1379
53798099999,XINGTAI,1957-12-02,2020-04-07,null,CH,37.1833333,114.3666666,184
52866099999,XINING,1956-08-21,2020-04-07,null,CH,36.6166667,101.7666667,2262
53546099999,XINJIE NW,1956-08-20,1963-12-31,null,CH,39.283,109.75,1310
59218099999,XINJING,1957-08-27,1999-12-07,null,CH,23.133,106.417,740
56251099999,XINLONG/NYAGRONG,1962-06-02,1997-04-04,null,CH,30.967,100.2,3500
53664099999,XINXIAN,1957-12-02,1994-02-22,null,CH,38.4,112.717,900
54808099999,XINXIAN,1957-12-02,2020-04-07,null,CH,36.2333333,115.6666666,38
57297099999,XINYANG,1956-08-20,2020-04-07,null,CH,32.1333333,114.05,115
59456099999,XINYI,1956-08-20,2020-04-07,null,CH,22.35,110.9333333,84
57083099999,XINZHENG,1957-12-03,2020-04-07,null,CH,34.519672,113.840889,150.87
54477099999,XIONG-YUE-CHENG,1980-10-05,1981-02-27,null,CH,40.167,122.133,1
74932399999,XIQIAO,1944-06-30,1945-11-13,null,CH,25,103.583,1849
57598099999,XIUSHUI,1956-08-20,2020-04-07,null,CH,29.0333333,114.5833333,147
57753099999,XU-BU,1945-08-01,1980-12-30,null,CH,27.917,110.583,152
57089099999,XUCHANG,1957-12-02,1991-08-14,null,CH,34,113.967,72
59102099999,XUNWU,1956-08-20,2020-04-07,null,CH,24.95,115.65,299
59754099999,XUWEN,1957-09-08,2000-03-25,null,CH,20.367,110.167,109
57608099999,XUYONG/YONGNING,1961-12-31,1998-08-21,null,CH,28.217,105.433,366
58027099999,XUZHOU,1956-08-20,2020-04-07,null,CH,34.2833333,117.15,42
58028099999,XUZHOU / GUANYIN ARPT,1974-06-16,1974-06-16,null,CH,34.059375,117.556442,35.05
58028099999,XUZHOU / GUANYIN ARPT,1974-06-16,1974-06-16,null,CH,34.059375,117.556442,35.05
56287099999,YA'AN,1956-08-20,2020-04-07,null,CH,29.9833333,103,629
53845099999,YAN AN,1956-08-20,2020-04-07,null,CH,36.6,109.5,959
59162599999,YANCHENG,2014-01-16,2014-01-16,null,CH,33.4166666,120.2,3.04
53723099999,YANCHI,1956-08-20,2020-04-07,null,CH,37.8,107.3833333,1356
74932199999,YANG-CHIEH,1943-02-21,1945-10-31,null,CH,25.5,103.083,1955
53975099999,YANGCHENG,1961-10-22,2020-04-07,null,CH,35.4833333,112.4,659
53782099999,YANGQUAN,1957-12-02,1996-09-22,null,CH,37.817,113.567,908
54292099999,YANJI,1956-08-20,2020-04-07,null,CH,42.8833333,129.5,178
51567099999,YANQI,1956-08-25,1996-07-15,null,CH,42.05,86.567,1097
56565099999,YANYUAN,1962-05-04,1997-11-23,null,CH,27.433,101.533,2591
54916099999,YANZHOU,1956-08-20,2020-04-07,null,CH,35.5666666,116.85,53
57993199999,YAOQIANG,2007-11-29,2020-04-07,null,CH,36.856561,117.215994,23.16
52645099999,YEH-NIU-KOU,1962-03-31,1997-04-17,null,CH,38.467,99.55,2169
57462099999,YI-CHANG (CHI-AFB),1980-10-18,1981-12-15,null,CH,30.683,111.45,107
50877099999,YI-LAN,1961-11-02,1991-08-13,null,CH,46.3,129.55,99
56975099999,YI-SHA,1979-07-06,1982-12-23,null,CH,23.317,102.367,1215
56492099999,YIBIN,1944-04-01,2020-04-07,null,CH,28.8,104.6,342
57461099999,YICHANG,1956-08-20,2020-04-07,null,CH,30.7333333,111.3666666,257.7
50774099999,YICHUN,1957-12-02,2020-04-07,null,CH,47.7,128.8333333,259.1
57793099999,YICHUN,1956-08-20,2020-04-07,null,CH,27.8,114.3833333,129
53614099999,YINCHUAN,1956-08-20,2020-04-07,null,CH,38.4833333,106.2166667,1112
53615099999,YINCHUAN (CITY),1962-03-28,1997-04-23,null,CH,38.467,106.317,1005
54471099999,YINGKOU,1956-08-20,2020-04-07,null,CH,40.6666666,122.2,4
58402099999,YINGSHAN,1959-11-02,2000-01-20,null,CH,30.75,115.667,116
57394099999,YINGSHAN NORTH,1957-07-05,1961-08-30,null,CH,31.617,113.817,106
51431099999,YINING,1956-08-20,2020-04-07,null,CH,43.95,81.3333333,663
51496099999,YIWANQUAN,1989-12-31,1992-12-18,null,CH,43.383,92.1,1890
52118099999,YIWU,1962-03-07,2002-12-31,null,CH,43.2666666,94.7,1729
54836099999,YIYUAN,1961-09-18,2020-04-07,null,CH,36.1833333,118.15,302
58921099999,YONG'AN,1956-08-20,2020-04-07,null,CH,25.9666666,117.35,204
54736099999,YONGAN,1957-12-02,1994-04-08,null,CH,37.55,118.733,6
53892099999,YONGNIAN NORTHWEST,1956-08-20,1957-07-31,null,CH,36.8,114.45,60
53478099999,YOU-YU,1957-12-05,1997-07-10,null,CH,40.167,112.333,1212
57633099999,YOUYANG,1956-08-20,2020-04-07,null,CH,28.8333333,108.7666666,665
53593099999,YU XIAN,1956-08-20,2020-04-07,null,CH,39.8333333,114.5666666,910
52983099999,YU ZHONG,2004-05-10,2020-04-07,null,CH,35.8666666,104.15,1875
56966099999,YUANJIANG,1956-08-20,2020-04-07,null,CH,23.6,101.9833333,398
57671099999,YUANJIANG,1957-09-02,2000-02-17,null,CH,28.85,112.383,27
57655099999,YUANLING,1956-08-20,2020-04-07,null,CH,28.4666666,110.4,143
56763099999,YUANMOU,1956-08-20,2020-04-07,null,CH,25.7333333,101.8666666,1120
53673099999,YUANPING,1956-08-20,2020-03-25,null,CH,38.75,112.7,838
56475099999,YUEXE,1957-07-02,1998-08-21,null,CH,28.617,102.6,1736
57584099999,YUEYANG,1956-08-20,2020-04-07,null,CH,29.3833333,113.0833333,52
53646099999,YULIN,1956-08-21,2020-04-07,null,CH,38.2666666,109.7833333,1158
52436099999,YUMENZHEN,1956-08-23,2020-04-07,null,CH,40.2666666,97.0333333,1527
52434099999,YUMENZHEN NORTHEAST,1962-12-21,1962-12-21,null,CH,40.467,97.183,1360
74932299999,YUN-NAN-I,1943-03-18,1945-10-18,null,CH,25.417,100.733,1967
57253099999,YUN-XIAN,1957-06-08,1988-12-30,null,CH,32.8,110.8,100
53959099999,YUNCHENG,1956-08-20,2020-04-07,null,CH,35.1166666,111.0666666,376.5
58634099999,YUSHAN,1957-08-24,2000-02-14,null,CH,28.683,118.25,94
57189099999,YUSHAN SOUTH,1956-08-20,1958-10-31,null,CH,33.15,113.817,58
53787099999,YUSHE,1957-12-02,2020-04-07,null,CH,37.0666666,112.9833333,1042
56029099999,YUSHU,1956-08-21,2020-04-07,null,CH,33.0166666,96.95,3682
56029599999,YUSHU BATANG AIRPORT,2010-04-15,2010-04-15,null,CH,32.8166666,97.1333333,3890
51931099999,YUTIAN/KERIYA,1956-08-25,2000-04-03,null,CH,36.867,81.7,1554
56875099999,YUXI,1962-05-04,1998-07-25,null,CH,24.45,102.567,1677
56018099999,ZADOI,1957-07-01,2020-04-07,null,CH,32.9,95.3,4068
50639099999,ZALANTUN,1956-08-22,1961-10-31,null,CH,48,122.733,310
57279099999,ZAOYANG,1957-08-21,2020-04-07,null,CH,32.15,112.6666666,127
58464099999,ZHA-PU,1957-08-19,2000-04-03,null,CH,30.617,121.083,7
55493099999,ZHA-TE-KE-TANG,1973-01-09,1998-03-10,null,CH,30.733,92.45,4724
58926099999,ZHANG PING,1994-09-01,2020-04-07,null,CH,25.3,117.4,203
58928099999,ZHANG-PING,1974-05-25,1981-09-13,null,CH,25.3,117.4,0
52651099999,ZHANG-YE/SOUTH,1956-08-20,1985-03-08,null,CH,38.817,100.4,1493
52653099999,ZHANG-YE/SOUTHEAST,1980-04-29,1980-04-29,null,CH,38.8,100.667,1463
58933099999,ZHANGCHENG SOUTHWEST,1960-01-02,1961-03-14,null,CH,25.867,118.917,152
54401099999,ZHANGJIAKOU,1956-08-20,2020-04-07,null,CH,40.7833333,114.8833333,726
54236099999,ZHANGWU,1956-08-20,2020-04-07,null,CH,42.4166666,122.5333333,84
52652099999,ZHANGYE,1960-03-25,2020-04-07,null,CH,39.0833333,100.2833333,1462
59126099999,ZHANGZHOU,1957-08-21,1998-11-22,null,CH,24.633,117.65,24
56786099999,ZHANYI,1944-01-09,2020-04-07,null,CH,25.5833333,103.8333333,1900
57208099999,ZHAO-HUA,1979-08-07,1981-12-08,null,CH,32.333,105.683,675
56576099999,ZHAO-ZI-BA,1975-10-20,1982-06-28,null,CH,27.6,102.85,2347
51437099999,ZHAOSU/MONGGOLKURE,1962-03-28,1997-05-13,null,CH,43.167,81.117,1830
56586099999,ZHAOTONG,1945-01-07,2020-04-07,null,CH,27.3333333,103.75,1950
74932499999,ZHE-SHANG EAST,1945-01-23,1945-08-31,null,CH,23.75,106.083,162
57906099999,ZHEN-FENG,1961-12-31,1998-10-07,null,CH,25.383,105.65,571
47031299999,ZHENGDING,2004-07-06,2020-04-07,null,CH,38.280686,114.6973,71.01
56183099999,ZHENJIANGGUAN,1956-08-20,1961-10-30,null,CH,32.333,103.733,2697
57803099999,ZHI-JIN,1962-05-04,1998-09-18,null,CH,26.7,105.767,1676
57745099999,ZHIJIANG,1943-10-01,2020-04-07,null,CH,27.45,109.6833333,273
52533199999,ZHONGCHUAN,2004-07-13,2020-04-07,null,CH,36.515231,103.620078,1947.06
56543099999,ZHONGDIAN,1961-12-31,1998-10-13,null,CH,27.7,99.7,3001
53705099999,ZHONGNING,1956-08-23,2020-04-07,null,CH,37.4833333,105.6833333,1193
57378099999,ZHONGXIANG,1956-08-20,2020-04-07,null,CH,31.1666666,112.6333333,108.9
54662099999,ZHOUSHUIZI,1956-08-20,2020-04-07,null,CH,38.965667,121.5386,32.61
57290099999,ZHUMADIAN,1958-11-05,2020-04-07,null,CH,32.9333333,113.9166666,107.2
53740099999,ZI-CHANG,1957-07-01,1997-03-26,null,CH,37.133,109.65,1189
57450099999,ZIGUI,1990-04-01,1991-09-05,null,CH,31.017,110.7,442
51895099999,ZILIUJING WEST,1956-08-20,1961-07-05,null,CH,37.85,91.483,3061
54429099999,ZUNHUA,1957-12-02,1992-01-12,null,CH,40.2,117.967,152
57713099999,ZUNYI,1956-08-20,2006-12-31,null,CH,27.7,106.8833333,845
